{"min": 94.10250091552734, "max": 398.89892578125}